Eng/外文,台灣用語,中國用語/其他,google翻譯狀態,類型,google 超連結,方便回報複製用,,,Google Translate Result (EN to zh-tw),簡易比對用語
accumulate,累積,積累,未改,日常用語,accumulate,"This translation is culturally inappropriate. The correct Traditional Chinese translation should be ""累積"". I selected Traditional Chinese, which should translate into phrases used in Taiwan, but it gave me phrases used in China (Simplified Chinese).",,,積累,待努力
activate software,啟用軟體,激活軟件,未改,科技術語,activate software,"This translation is culturally inappropriate. The correct Traditional Chinese translation should be ""啟用軟體"". I selected Traditional Chinese, which should translate into phrases used in Taiwan, but it gave me phrases used in China (Simplified Chinese).",,,激活軟件,待努力
activation,啟動,激活軟件,未改,日常用語,activation,"This translation is culturally inappropriate. The correct Traditional Chinese translation should be ""啟動"". I selected Traditional Chinese, which should translate into phrases used in Taiwan, but it gave me phrases used in China (Simplified Chinese).",,,激活,待努力
AI,人工智慧,人工智能,未改,科技術語,AI,"This translation is culturally inappropriate. The correct Traditional Chinese translation should be ""人工智慧"". I selected Traditional Chinese, which should translate into phrases used in Taiwan, but it gave me phrases used in China (Simplified Chinese).",,,AI,待努力
anime,動畫,動漫,未改,物品,anime,"This translation is culturally inappropriate. The correct Traditional Chinese translation should be ""動畫"". I selected Traditional Chinese, which should translate into phrases used in Taiwan, but it gave me phrases used in China (Simplified Chinese).",,,動漫,待努力
artificial intelligence,人工智慧,人工智能,未改,科技術語,artificial intelligence,"This translation is culturally inappropriate. The correct Traditional Chinese translation should be ""人工智慧"". I selected Traditional Chinese, which should translate into phrases used in Taiwan, but it gave me phrases used in China (Simplified Chinese).",,,人工智能,待努力
Australia,澳洲,澳大利亞,未改,國名/地名,Australia,"This translation is culturally inappropriate. The correct Traditional Chinese translation should be ""澳洲"". I selected Traditional Chinese, which should translate into phrases used in Taiwan, but it gave me phrases used in China (Simplified Chinese).",,,澳大利亞,待努力
avocado,酪梨,鱷梨,未改,物品,avocado,"This translation is culturally inappropriate. The correct Traditional Chinese translation should be ""酪梨"". I selected Traditional Chinese, which should translate into phrases used in Taiwan, but it gave me phrases used in China (Simplified Chinese).",,,鱷梨,待努力
Bach,巴哈,巴赫,未改,人名,Bach,"This translation is culturally inappropriate. The correct Traditional Chinese translation should be ""巴哈"". I selected Traditional Chinese, which should translate into phrases used in Taiwan, but it gave me phrases used in China (Simplified Chinese).",,,過獨身生活,待努力
ball pen,原子筆,原珠筆,未改,物品,ball pen,"This translation is culturally inappropriate. The correct Traditional Chinese translation should be ""原子筆"". I selected Traditional Chinese, which should translate into phrases used in Taiwan, but it gave me phrases used in China (Simplified Chinese).",,,圓珠筆,待努力
bandwidth,頻寬,帶寬,未改,科技術語,bandwidth,"This translation is culturally inappropriate. The correct Traditional Chinese translation should be ""頻寬"". I selected Traditional Chinese, which should translate into phrases used in Taiwan, but it gave me phrases used in China (Simplified Chinese).",,,帶寬,待努力
bassoon,低音管/巴松管,大管,OK,音樂(樂器/術語),bassoon,狀態OK,,,巴鬆管,待努力
Beatles,披頭四樂隊,披頭士樂隊,未改,人名,Beatles,"This translation is culturally inappropriate. The correct Traditional Chinese translation should be ""披頭四樂隊"". I selected Traditional Chinese, which should translate into phrases used in Taiwan, but it gave me phrases used in China (Simplified Chinese).",,,披頭士樂隊,待努力
Benz,賓士,奔馳,未改,品牌,Benz,"This translation is culturally inappropriate. The correct Traditional Chinese translation should be ""賓士"". I selected Traditional Chinese, which should translate into phrases used in Taiwan, but it gave me phrases used in China (Simplified Chinese).",,,奔馳,待努力
Berlioz,白遼士,柏遼茲,未改,人名,Berlioz,"This translation is culturally inappropriate. The correct Traditional Chinese translation should be ""白遼士"". I selected Traditional Chinese, which should translate into phrases used in Taiwan, but it gave me phrases used in China (Simplified Chinese).",,,柏遼茲,待努力
billiard,撞球,台球,未改,運動,billiard,"This translation is culturally inappropriate. The correct Traditional Chinese translation should be ""撞球"". I selected Traditional Chinese, which should translate into phrases used in Taiwan, but it gave me phrases used in China (Simplified Chinese).",,,台球,待努力
bit rate,位元速率,比特率,未改,科技術語,bit rate,"This translation is culturally inappropriate. The correct Traditional Chinese translation should be ""位元速率"". I selected Traditional Chinese, which should translate into phrases used in Taiwan, but it gave me phrases used in China (Simplified Chinese).",,,比特率,待努力
broccoli,花椰菜,西蘭花,未改,食品/動植物,broccoli,"This translation is culturally inappropriate. The correct Traditional Chinese translation should be ""花椰菜"". I selected Traditional Chinese, which should translate into phrases used in Taiwan, but it gave me phrases used in China (Simplified Chinese).",,,西蘭花,待努力
Brunei ,汶萊,文萊,未改,國名/地名,Brunei ,"This translation is culturally inappropriate. The correct Traditional Chinese translation should be ""汶萊"". I selected Traditional Chinese, which should translate into phrases used in Taiwan, but it gave me phrases used in China (Simplified Chinese).",,,文萊,待努力
butter,奶油,牛油/黃油,未改,食品/動植物,butter,"This translation is culturally inappropriate. The correct Traditional Chinese translation should be ""奶油"". I selected Traditional Chinese, which should translate into phrases used in Taiwan, but it gave me phrases used in China (Simplified Chinese).",,,牛油,待努力
by,透過,通過,未改,日常用語,by,"This translation is culturally inappropriate. The correct Traditional Chinese translation should be ""透過"". I selected Traditional Chinese, which should translate into phrases used in Taiwan, but it gave me phrases used in China (Simplified Chinese).",,,通過,待努力
cabbage,高麗菜,捲心菜,未改,食品/動植物,cabbage,"This translation is culturally inappropriate. The correct Traditional Chinese translation should be ""高麗菜"". I selected Traditional Chinese, which should translate into phrases used in Taiwan, but it gave me phrases used in China (Simplified Chinese).",,,捲心菜,待努力
cauliflower,花椰菜/白花菜,菜花,未改,食品/動植物,cauliflower,"This translation is culturally inappropriate. The correct Traditional Chinese translation should be ""花椰菜/白花菜"". I selected Traditional Chinese, which should translate into phrases used in Taiwan, but it gave me phrases used in China (Simplified Chinese).",,,菜花,待努力
cd,光碟,光盤,未改,科技術語,cd,"This translation is culturally inappropriate. The correct Traditional Chinese translation should be ""光碟"". I selected Traditional Chinese, which should translate into phrases used in Taiwan, but it gave me phrases used in China (Simplified Chinese).",,,光盤,待努力
cd drive,光碟機,光盤驅動器,未改,科技術語,cd drive,"This translation is culturally inappropriate. The correct Traditional Chinese translation should be ""光碟機"". I selected Traditional Chinese, which should translate into phrases used in Taiwan, but it gave me phrases used in China (Simplified Chinese).",,,光盤驅動器,待努力
chip,晶片,芯片,未改,科技術語,chip,"This translation is culturally inappropriate. The correct Traditional Chinese translation should be ""晶片"". I selected Traditional Chinese, which should translate into phrases used in Taiwan, but it gave me phrases used in China (Simplified Chinese).",,,芯片,待努力
computer,電腦,計算機,OK,物品,computer,狀態OK,,,電腦,有成...?
condom,保險套,避孕套 / 安全套,未改,物品,condom,"This translation is culturally inappropriate. The correct Traditional Chinese translation should be ""保險套"". I selected Traditional Chinese, which should translate into phrases used in Taiwan, but it gave me phrases used in China (Simplified Chinese).",,,避孕套,待努力
contract,合約,合同,未改,日常用語,contract,"This translation is culturally inappropriate. The correct Traditional Chinese translation should be ""合約"". I selected Traditional Chinese, which should translate into phrases used in Taiwan, but it gave me phrases used in China (Simplified Chinese).",,,合同,待努力
crayfish,螯蝦,小龍蝦,未改,食品/動植物,crayfish,"This translation is culturally inappropriate. The correct Traditional Chinese translation should be ""螯蝦"". I selected Traditional Chinese, which should translate into phrases used in Taiwan, but it gave me phrases used in China (Simplified Chinese).",,,小龍蝦,待努力
da Vinci,達文西,達芬奇,未改,人名,da Vinci,"This translation is culturally inappropriate. The correct Traditional Chinese translation should be ""達文西"". I selected Traditional Chinese, which should translate into phrases used in Taiwan, but it gave me phrases used in China (Simplified Chinese).",,,達芬奇,待努力
day shift,日班,白班,未改,日常用語,day shift,"This translation is culturally inappropriate. The correct Traditional Chinese translation should be ""日班"". I selected Traditional Chinese, which should translate into phrases used in Taiwan, but it gave me phrases used in China (Simplified Chinese).",,,白班,待努力
daylily,金針花,黃花菜,未改,食品/動植物,daylily,"This translation is culturally inappropriate. The correct Traditional Chinese translation should be ""金針花"". I selected Traditional Chinese, which should translate into phrases used in Taiwan, but it gave me phrases used in China (Simplified Chinese).",,,黃花菜,待努力
default,預設,默認,未改,日常用語,default,"This translation is culturally inappropriate. The correct Traditional Chinese translation should be ""預設"". I selected Traditional Chinese, which should translate into phrases used in Taiwan, but it gave me phrases used in China (Simplified Chinese).",,,默認,待努力
demonstrate,示範,演示,未改,日常用語,demonstrate,"This translation is culturally inappropriate. The correct Traditional Chinese translation should be ""示範"". I selected Traditional Chinese, which should translate into phrases used in Taiwan, but it gave me phrases used in China (Simplified Chinese).",,,演示,待努力
department store,百貨公司,百貨商店,未改,日常用語,department store,"This translation is culturally inappropriate. The correct Traditional Chinese translation should be ""百貨公司"". I selected Traditional Chinese, which should translate into phrases used in Taiwan, but it gave me phrases used in China (Simplified Chinese).",,,百貨商店,待努力
diode,二極體,二極管,未改,科技術語,diode,"This translation is culturally inappropriate. The correct Traditional Chinese translation should be ""二極體"". I selected Traditional Chinese, which should translate into phrases used in Taiwan, but it gave me phrases used in China (Simplified Chinese).",,,二極管,待努力
Donald Trump,唐納·川普,唐納德·特朗普,未改,人名,Donald Trump,"This translation is culturally inappropriate. The correct Traditional Chinese translation should be ""唐納·川普"". I selected Traditional Chinese, which should translate into phrases used in Taiwan, but it gave me phrases used in China (Simplified Chinese).",,,唐納德·特朗普,待努力
Dubai,杜拜,迪拜,未改,國名/地名,Dubai,"This translation is culturally inappropriate. The correct Traditional Chinese translation should be ""杜拜"". I selected Traditional Chinese, which should translate into phrases used in Taiwan, but it gave me phrases used in China (Simplified Chinese).",,,迪拜,待努力
egg tart,蛋塔,蛋撻,未改,食品/動植物,egg tart,"This translation is culturally inappropriate. The correct Traditional Chinese translation should be ""蛋塔"". I selected Traditional Chinese, which should translate into phrases used in Taiwan, but it gave me phrases used in China (Simplified Chinese).",,,蛋撻,待努力
endoscope,內視鏡,內窺鏡,未改,醫療,endoscope,"This translation is culturally inappropriate. The correct Traditional Chinese translation should be ""內視鏡"". I selected Traditional Chinese, which should translate into phrases used in Taiwan, but it gave me phrases used in China (Simplified Chinese).",,,內窺鏡,待努力
face soap,洗面乳,洗面奶,未改,物品,face soap,"This translation is culturally inappropriate. The correct Traditional Chinese translation should be ""洗面乳"". I selected Traditional Chinese, which should translate into phrases used in Taiwan, but it gave me phrases used in China (Simplified Chinese).",,,洗面奶,待努力
Fast and Furious,玩命關頭,速度與激情,未改,藝文(書籍/影視),Fast and Furious,"This translation is culturally inappropriate. The correct Traditional Chinese translation should be ""玩命關頭"". I selected Traditional Chinese, which should translate into phrases used in Taiwan, but it gave me phrases used in China (Simplified Chinese).",,,速度與激情,待努力
Festival de Cannes,坎城影展,戛納電影節,未改,藝文(書籍/影視),Festival de Cannes,"This translation is culturally inappropriate. The correct Traditional Chinese translation should be ""坎城影展"". I selected Traditional Chinese, which should translate into phrases used in Taiwan, but it gave me phrases used in China (Simplified Chinese).",,,戛納電影節,待努力
fever,發燒,發熱,未改,醫療,fever,"This translation is culturally inappropriate. The correct Traditional Chinese translation should be ""發燒"". I selected Traditional Chinese, which should translate into phrases used in Taiwan, but it gave me phrases used in China (Simplified Chinese).",,,發熱,待努力
fireworks,煙火,煙花,未改,日常用語,fireworks,"This translation is culturally inappropriate. The correct Traditional Chinese translation should be ""煙火"". I selected Traditional Chinese, which should translate into phrases used in Taiwan, but it gave me phrases used in China (Simplified Chinese).",,,煙花,待努力
firmware,韌體,固件,未改,科技術語,firmware,"This translation is culturally inappropriate. The correct Traditional Chinese translation should be ""韌體"". I selected Traditional Chinese, which should translate into phrases used in Taiwan, but it gave me phrases used in China (Simplified Chinese).",,,固件,待努力
floppy disk,磁碟片,軟盤,未改,科技術語,floppy disk,"This translation is culturally inappropriate. The correct Traditional Chinese translation should be ""磁碟片"". I selected Traditional Chinese, which should translate into phrases used in Taiwan, but it gave me phrases used in China (Simplified Chinese).",,,軟盤,待努力
football,美式足球,足球,未改,運動,football,"This translation is culturally inappropriate. The correct Traditional Chinese translation should be ""美式足球"". I selected Traditional Chinese, which should translate into phrases used in Taiwan, but it gave me phrases used in China (Simplified Chinese).",,,足球,待努力
French Horn,法國號,圓號,未改,音樂(樂器/術語),French Horn,"This translation is culturally inappropriate. The correct Traditional Chinese translation should be ""法國號"". I selected Traditional Chinese, which should translate into phrases used in Taiwan, but it gave me phrases used in China (Simplified Chinese).",,,圓號,待努力
frozen dumplings,冷凍水餃,冷凍餃子,未改,食品/動植物,frozen dumplings,"This translation is culturally inappropriate. The correct Traditional Chinese translation should be ""冷凍水餃"". I selected Traditional Chinese, which should translate into phrases used in Taiwan, but it gave me phrases used in China (Simplified Chinese).",,,速凍水餃,待努力
Full HD,超高畫質,全高清,未改,科技術語,Full HD,"This translation is culturally inappropriate. The correct Traditional Chinese translation should be ""超高畫質"". I selected Traditional Chinese, which should translate into phrases used in Taiwan, but it gave me phrases used in China (Simplified Chinese).",,,全高清,待努力
gamepad,遊戲搖桿,遊戲手柄,未改,科技術語,gamepad,"This translation is culturally inappropriate. The correct Traditional Chinese translation should be ""遊戲搖桿"". I selected Traditional Chinese, which should translate into phrases used in Taiwan, but it gave me phrases used in China (Simplified Chinese).",,,遊戲手柄,待努力
Ghidorah,基多拉,吉多拉,未改,藝文(書籍/影視),Ghidorah,"This translation is culturally inappropriate. The correct Traditional Chinese translation should be ""基多拉"". I selected Traditional Chinese, which should translate into phrases used in Taiwan, but it gave me phrases used in China (Simplified Chinese).",,,Ghidorah,待努力
Godzilla,哥吉拉,哥斯拉,未改,藝文(書籍/影視),Godzilla,"This translation is culturally inappropriate. The correct Traditional Chinese translation should be ""哥吉拉"". I selected Traditional Chinese, which should translate into phrases used in Taiwan, but it gave me phrases used in China (Simplified Chinese).",,,哥斯拉,待努力
good afternoon,午安,下午好,未改,日常用語,good afternoon,"This translation is culturally inappropriate. The correct Traditional Chinese translation should be ""午安"". I selected Traditional Chinese, which should translate into phrases used in Taiwan, but it gave me phrases used in China (Simplified Chinese).",,,下午好,待努力
good morning,早安,早上好,未改,日常用語,good morning,"This translation is culturally inappropriate. The correct Traditional Chinese translation should be ""早安"". I selected Traditional Chinese, which should translate into phrases used in Taiwan, but it gave me phrases used in China (Simplified Chinese).",,,早上好,待努力
gynecology,婦產科,婦科,未改,醫療,gynecology,"This translation is culturally inappropriate. The correct Traditional Chinese translation should be ""婦產科"". I selected Traditional Chinese, which should translate into phrases used in Taiwan, but it gave me phrases used in China (Simplified Chinese).",,,婦科,待努力
hacker,駭客,黑客,未改,科技術語,hacker,"This translation is culturally inappropriate. The correct Traditional Chinese translation should be ""駭客"". I selected Traditional Chinese, which should translate into phrases used in Taiwan, but it gave me phrases used in China (Simplified Chinese).",,,黑客,待努力
hairdryer,吹風機,電吹風,未改,物品,hairdryer,"This translation is culturally inappropriate. The correct Traditional Chinese translation should be ""吹風機"". I selected Traditional Chinese, which should translate into phrases used in Taiwan, but it gave me phrases used in China (Simplified Chinese).",,,電吹風,待努力
hard disk,硬碟,硬盤,未改,科技術語,hard disk,"This translation is culturally inappropriate. The correct Traditional Chinese translation should be ""硬碟"". I selected Traditional Chinese, which should translate into phrases used in Taiwan, but it gave me phrases used in China (Simplified Chinese).",,,硬盤,待努力
hard drive,硬碟,硬盤,未改,科技術語,hard drive,"This translation is culturally inappropriate. The correct Traditional Chinese translation should be ""硬碟"". I selected Traditional Chinese, which should translate into phrases used in Taiwan, but it gave me phrases used in China (Simplified Chinese).",,,硬盤,待努力
hardware,硬體,硬件,未改,科技術語,hardware,"This translation is culturally inappropriate. The correct Traditional Chinese translation should be ""硬體"". I selected Traditional Chinese, which should translate into phrases used in Taiwan, but it gave me phrases used in China (Simplified Chinese).",,,硬件,待努力
Hayden ,海頓,海登,未改,人名,Hayden ,"This translation is culturally inappropriate. The correct Traditional Chinese translation should be ""海頓"". I selected Traditional Chinese, which should translate into phrases used in Taiwan, but it gave me phrases used in China (Simplified Chinese).",,,海登,待努力
High Definition (HD),高畫質,高清,OK,科技術語,High Definition (HD),狀態OK,,,高清晰度（HD）,待努力
high-end,高階,高端的,未改,日常用語,high-end,"This translation is culturally inappropriate. The correct Traditional Chinese translation should be ""高階"". I selected Traditional Chinese, which should translate into phrases used in Taiwan, but it gave me phrases used in China (Simplified Chinese).",,,高端,待努力
homepage,首頁,主頁,未改,科技術語,homepage,"This translation is culturally inappropriate. The correct Traditional Chinese translation should be ""首頁"". I selected Traditional Chinese, which should translate into phrases used in Taiwan, but it gave me phrases used in China (Simplified Chinese).",,,主頁,待努力
information,資訊,信息,未改,日常用語,information,"This translation is culturally inappropriate. The correct Traditional Chinese translation should be ""資訊"". I selected Traditional Chinese, which should translate into phrases used in Taiwan, but it gave me phrases used in China (Simplified Chinese).",,,信息,待努力
instant noodle,泡麵,方便麵,未改,食品/動植物,instant noodle,"This translation is culturally inappropriate. The correct Traditional Chinese translation should be ""泡麵"". I selected Traditional Chinese, which should translate into phrases used in Taiwan, but it gave me phrases used in China (Simplified Chinese).",,,方便麵,待努力
integrated,整合,集成,未改,科技術語,integrated,"This translation is culturally inappropriate. The correct Traditional Chinese translation should be ""整合"". I selected Traditional Chinese, which should translate into phrases used in Taiwan, but it gave me phrases used in China (Simplified Chinese).",,,集成,待努力
internet,網際網路,互聯網,未改,科技術語,internet,"This translation is culturally inappropriate. The correct Traditional Chinese translation should be ""網際網路"". I selected Traditional Chinese, which should translate into phrases used in Taiwan, but it gave me phrases used in China (Simplified Chinese).",,,互聯網,待努力
kiwi,奇異果,獼猴桃,未改,食品/動植物,kiwi,"This translation is culturally inappropriate. The correct Traditional Chinese translation should be ""奇異果"". I selected Traditional Chinese, which should translate into phrases used in Taiwan, but it gave me phrases used in China (Simplified Chinese).",,,獼猴桃,待努力
LAND ROVER,荒原路華,路虎,未改,品牌,LAND ROVER,"This translation is culturally inappropriate. The correct Traditional Chinese translation should be ""荒原路華"". I selected Traditional Chinese, which should translate into phrases used in Taiwan, but it gave me phrases used in China (Simplified Chinese).",,,LAND ROVER,待努力
Lao,寮國,老撾,未改,國名/地名,Lao,"This translation is culturally inappropriate. The correct Traditional Chinese translation should be ""寮國"". I selected Traditional Chinese, which should translate into phrases used in Taiwan, but it gave me phrases used in China (Simplified Chinese).",,,老撾,待努力
laptop,筆記型電腦,筆記本電腦,未改,科技術語,laptop,"This translation is culturally inappropriate. The correct Traditional Chinese translation should be ""筆記型電腦"". I selected Traditional Chinese, which should translate into phrases used in Taiwan, but it gave me phrases used in China (Simplified Chinese).",,,筆記本電腦,待努力
laser,鐳射,激光,未改,科技術語,laser,"This translation is culturally inappropriate. The correct Traditional Chinese translation should be ""鐳射"". I selected Traditional Chinese, which should translate into phrases used in Taiwan, but it gave me phrases used in China (Simplified Chinese).",,,激光,待努力
level,水準,水平,未改,日常用語,level,"This translation is culturally inappropriate. The correct Traditional Chinese translation should be ""水準"". I selected Traditional Chinese, which should translate into phrases used in Taiwan, but it gave me phrases used in China (Simplified Chinese).",,,水平,待努力
Linkin Park,聯合公園,林肯公園,未改,人名,Linkin Park,"This translation is culturally inappropriate. The correct Traditional Chinese translation should be ""聯合公園"". I selected Traditional Chinese, which should translate into phrases used in Taiwan, but it gave me phrases used in China (Simplified Chinese).",,,林肯公園,待努力
low-end,低階,低端的,未改,日常用語,low-end,"This translation is culturally inappropriate. The correct Traditional Chinese translation should be ""低階"". I selected Traditional Chinese, which should translate into phrases used in Taiwan, but it gave me phrases used in China (Simplified Chinese).",,,低端,待努力
memory card,記憶卡,存儲卡,未改,科技術語,memory card,"This translation is culturally inappropriate. The correct Traditional Chinese translation should be ""記憶卡"". I selected Traditional Chinese, which should translate into phrases used in Taiwan, but it gave me phrases used in China (Simplified Chinese).",,,存儲卡,待努力
menu,選單,菜單,未改,科技術語,menu,"This translation is culturally inappropriate. The correct Traditional Chinese translation should be ""選單"". I selected Traditional Chinese, which should translate into phrases used in Taiwan, but it gave me phrases used in China (Simplified Chinese).",,,菜單,待努力
message,訊息,信息,未改,日常用語,message,"This translation is culturally inappropriate. The correct Traditional Chinese translation should be ""訊息"". I selected Traditional Chinese, which should translate into phrases used in Taiwan, but it gave me phrases used in China (Simplified Chinese).",,,信息,待努力
Michael Jackson,麥克傑克森,邁克爾杰克遜,未改,人名,Michael Jackson,"This translation is culturally inappropriate. The correct Traditional Chinese translation should be ""麥克傑克森"". I selected Traditional Chinese, which should translate into phrases used in Taiwan, but it gave me phrases used in China (Simplified Chinese).",,,邁克爾杰克遜,待努力
Monet ,莫內,莫奈,未改,人名,Monet ,"This translation is culturally inappropriate. The correct Traditional Chinese translation should be ""莫內"". I selected Traditional Chinese, which should translate into phrases used in Taiwan, but it gave me phrases used in China (Simplified Chinese).",,,莫奈,待努力
Mothra,摩斯拉,莫斯拉,未改,藝文(書籍/影視),Mothra,"This translation is culturally inappropriate. The correct Traditional Chinese translation should be ""摩斯拉"". I selected Traditional Chinese, which should translate into phrases used in Taiwan, but it gave me phrases used in China (Simplified Chinese).",,,摩斯拉,有成...?
motor,馬達,發動機,未改,物品,motor,"This translation is culturally inappropriate. The correct Traditional Chinese translation should be ""馬達"". I selected Traditional Chinese, which should translate into phrases used in Taiwan, but it gave me phrases used in China (Simplified Chinese).",,,發動機,待努力
New Zealand,紐西蘭,新西蘭,未改,國名/地名,New Zealand,"This translation is culturally inappropriate. The correct Traditional Chinese translation should be ""紐西蘭"". I selected Traditional Chinese, which should translate into phrases used in Taiwan, but it gave me phrases used in China (Simplified Chinese).",,,新西蘭,待努力
Nigeria,奈及利亞,尼日利亞,未改,國名/地名,Nigeria,"This translation is culturally inappropriate. The correct Traditional Chinese translation should be ""奈及利亞"". I selected Traditional Chinese, which should translate into phrases used in Taiwan, but it gave me phrases used in China (Simplified Chinese).",,,尼日利亞,待努力
night snack,宵夜,夜宵,未改,日常用語,night snack,"This translation is culturally inappropriate. The correct Traditional Chinese translation should be ""宵夜"". I selected Traditional Chinese, which should translate into phrases used in Taiwan, but it gave me phrases used in China (Simplified Chinese).",,,夜排檔,待努力
Nixie tube,輝光管,數碼管,未改,科技術語,Nixie tube,"This translation is culturally inappropriate. The correct Traditional Chinese translation should be ""輝光管"". I selected Traditional Chinese, which should translate into phrases used in Taiwan, but it gave me phrases used in China (Simplified Chinese).",,,數碼管,待努力
optimize,最佳化,優化,未改,日常用語,optimize,"This translation is culturally inappropriate. The correct Traditional Chinese translation should be ""最佳化"". I selected Traditional Chinese, which should translate into phrases used in Taiwan, but it gave me phrases used in China (Simplified Chinese).",,,優化,待努力
Picasso,畢卡索,畢加索,未改,人名,Picasso,"This translation is culturally inappropriate. The correct Traditional Chinese translation should be ""畢卡索"". I selected Traditional Chinese, which should translate into phrases used in Taiwan, but it gave me phrases used in China (Simplified Chinese).",,,畢加索,待努力
pineapple,鳳梨,菠蘿,未改,食品/動植物,pineapple,"This translation is culturally inappropriate. The correct Traditional Chinese translation should be ""鳳梨"". I selected Traditional Chinese, which should translate into phrases used in Taiwan, but it gave me phrases used in China (Simplified Chinese).",,,菠蘿,待努力
plastic bag,塑膠袋,塑料袋,未改,物品,plastic bag,"This translation is culturally inappropriate. The correct Traditional Chinese translation should be ""塑膠袋"". I selected Traditional Chinese, which should translate into phrases used in Taiwan, but it gave me phrases used in China (Simplified Chinese).",,,塑料袋,待努力
plastic bottle,寶特瓶,塑料瓶,未改,物品,plastic bottle,"This translation is culturally inappropriate. The correct Traditional Chinese translation should be ""寶特瓶"". I selected Traditional Chinese, which should translate into phrases used in Taiwan, but it gave me phrases used in China (Simplified Chinese).",,,塑料瓶,待努力
plug adapter,轉接頭,適配器,未改,科技術語,plug adapter,"This translation is culturally inappropriate. The correct Traditional Chinese translation should be ""轉接頭"". I selected Traditional Chinese, which should translate into phrases used in Taiwan, but it gave me phrases used in China (Simplified Chinese).",,,插頭適配器,待努力
potato,馬鈴薯,土豆,未改,食品/動植物,potato,"This translation is culturally inappropriate. The correct Traditional Chinese translation should be ""馬鈴薯"". I selected Traditional Chinese, which should translate into phrases used in Taiwan, but it gave me phrases used in China (Simplified Chinese).",,,土豆,待努力
potato chips,洋芋片,土豆片 / 薯片,未改,食品/動植物,potato chips,"This translation is culturally inappropriate. The correct Traditional Chinese translation should be ""洋芋片"". I selected Traditional Chinese, which should translate into phrases used in Taiwan, but it gave me phrases used in China (Simplified Chinese).",,,土豆片,待努力
power bank,行動電源,移動電源,未改,物品,power bank,"This translation is culturally inappropriate. The correct Traditional Chinese translation should be ""行動電源"". I selected Traditional Chinese, which should translate into phrases used in Taiwan, but it gave me phrases used in China (Simplified Chinese).",,,移動電源,待努力
President Tsai Ing-Wen,總統蔡英文,蔡英文,未改,人名,President Tsai Ing-Wen,"This translation is culturally inappropriate. The correct Traditional Chinese translation should be ""總統蔡英文"". I selected Traditional Chinese, which should translate into phrases used in Taiwan, but it gave me phrases used in China (Simplified Chinese).",,,主席蔡英文,待努力
print,列印,打印,未改,科技術語,print,"This translation is culturally inappropriate. The correct Traditional Chinese translation should be ""列印"". I selected Traditional Chinese, which should translate into phrases used in Taiwan, but it gave me phrases used in China (Simplified Chinese).",,,打印,待努力
printer,印表機,打印機,未改,科技術語,printer,"This translation is culturally inappropriate. The correct Traditional Chinese translation should be ""印表機"". I selected Traditional Chinese, which should translate into phrases used in Taiwan, but it gave me phrases used in China (Simplified Chinese).",,,打印機,待努力
program,程式,程序,未改,科技術語,program,"This translation is culturally inappropriate. The correct Traditional Chinese translation should be ""程式"". I selected Traditional Chinese, which should translate into phrases used in Taiwan, but it gave me phrases used in China (Simplified Chinese).",,,程序,待努力
Putin,普丁,普京,未改,人名,Putin,"This translation is culturally inappropriate. The correct Traditional Chinese translation should be ""普丁"". I selected Traditional Chinese, which should translate into phrases used in Taiwan, but it gave me phrases used in China (Simplified Chinese).",,,普京,待努力
quality,品質,質量,未改,日常用語,quality,"This translation is culturally inappropriate. The correct Traditional Chinese translation should be ""品質"". I selected Traditional Chinese, which should translate into phrases used in Taiwan, but it gave me phrases used in China (Simplified Chinese).",,,質量,待努力
RAM,記憶體,內存,未改,科技術語,RAM,"This translation is culturally inappropriate. The correct Traditional Chinese translation should be ""記憶體"". I selected Traditional Chinese, which should translate into phrases used in Taiwan, but it gave me phrases used in China (Simplified Chinese).",,,內存,待努力
rap,饒舌樂,說唱,未改,音樂(樂器/術語),rap,"This translation is culturally inappropriate. The correct Traditional Chinese translation should be ""饒舌樂"". I selected Traditional Chinese, which should translate into phrases used in Taiwan, but it gave me phrases used in China (Simplified Chinese).",,,敲擊,待努力
rapper,饒舌歌手,說唱歌手,未改,音樂(樂器/術語),rapper,"This translation is culturally inappropriate. The correct Traditional Chinese translation should be ""饒舌歌手"". I selected Traditional Chinese, which should translate into phrases used in Taiwan, but it gave me phrases used in China (Simplified Chinese).",,,說唱歌手,待努力
resolution,解析度,分辨率,OK,科技術語,resolution,狀態OK,,,解析度,有成...?
Rodan,拉頓,羅丹,未改,藝文(書籍/影視),Rodan,"This translation is culturally inappropriate. The correct Traditional Chinese translation should be ""拉頓"". I selected Traditional Chinese, which should translate into phrases used in Taiwan, but it gave me phrases used in China (Simplified Chinese).",,,羅丹,待努力
roller coaster,雲霄飛車,過山車,未改,物品,roller coaster,"This translation is culturally inappropriate. The correct Traditional Chinese translation should be ""雲霄飛車"". I selected Traditional Chinese, which should translate into phrases used in Taiwan, but it gave me phrases used in China (Simplified Chinese).",,,過山車,待努力
rubik's cube,魔術方塊,魔方,未改,物品,rubik's cube,"This translation is culturally inappropriate. The correct Traditional Chinese translation should be ""魔術方塊"". I selected Traditional Chinese, which should translate into phrases used in Taiwan, but it gave me phrases used in China (Simplified Chinese).",,,魔方,待努力
salad,沙拉,色拉,Ok,食品/動植物,salad,狀態OK,,,沙拉,有成...?
salmon,鮭魚,三文魚,未改,食品/動植物,salmon,"This translation is culturally inappropriate. The correct Traditional Chinese translation should be ""鮭魚"". I selected Traditional Chinese, which should translate into phrases used in Taiwan, but it gave me phrases used in China (Simplified Chinese).",,,三文魚,待努力
sanitary napkin,衛生棉,衛生巾,未改,物品,sanitary napkin,"This translation is culturally inappropriate. The correct Traditional Chinese translation should be ""衛生棉"". I selected Traditional Chinese, which should translate into phrases used in Taiwan, but it gave me phrases used in China (Simplified Chinese).",,,衛生巾,待努力
Saudi Arabia,沙烏地阿拉伯,沙特阿拉伯,未改,國名/地名,Saudi Arabia,"This translation is culturally inappropriate. The correct Traditional Chinese translation should be ""沙烏地阿拉伯"". I selected Traditional Chinese, which should translate into phrases used in Taiwan, but it gave me phrases used in China (Simplified Chinese).",,,沙特阿拉伯,待努力
screen,螢幕,屏幕,未改,科技術語,screen,"This translation is culturally inappropriate. The correct Traditional Chinese translation should be ""螢幕"". I selected Traditional Chinese, which should translate into phrases used in Taiwan, but it gave me phrases used in China (Simplified Chinese).",,,屏幕,待努力
SD,標準畫質,標清,未改,科技術語,SD,"This translation is culturally inappropriate. The correct Traditional Chinese translation should be ""標準畫質"". I selected Traditional Chinese, which should translate into phrases used in Taiwan, but it gave me phrases used in China (Simplified Chinese).",,,SD,待努力
Sierra Leone,獅子山,塞拉利昂,未改,國名/地名,Sierra Leone,"This translation is culturally inappropriate. The correct Traditional Chinese translation should be ""獅子山"". I selected Traditional Chinese, which should translate into phrases used in Taiwan, but it gave me phrases used in China (Simplified Chinese).",,,塞拉利昂,待努力
smart tv,智慧電視,智能電視,未改,科技術語,smart tv,"This translation is culturally inappropriate. The correct Traditional Chinese translation should be ""智慧電視"". I selected Traditional Chinese, which should translate into phrases used in Taiwan, but it gave me phrases used in China (Simplified Chinese).",,,智能電視,待努力
software,軟體,軟件,未改,科技術語,software,"This translation is culturally inappropriate. The correct Traditional Chinese translation should be ""軟體"". I selected Traditional Chinese, which should translate into phrases used in Taiwan, but it gave me phrases used in China (Simplified Chinese).",,,軟件,待努力
Spider-Man,蜘蛛人,蜘蛛俠,未改,藝文(書籍/影視),Spider-Man,"This translation is culturally inappropriate. The correct Traditional Chinese translation should be ""蜘蛛人"". I selected Traditional Chinese, which should translate into phrases used in Taiwan, but it gave me phrases used in China (Simplified Chinese).",,,蜘蛛俠,待努力
square meter,平方公尺,平米,未改,日常用語,square meter,"This translation is culturally inappropriate. The correct Traditional Chinese translation should be ""平方公尺"". I selected Traditional Chinese, which should translate into phrases used in Taiwan, but it gave me phrases used in China (Simplified Chinese).",,,平方米,待努力
Star Craft,星海爭霸,星際爭霸,未改,藝文(書籍/影視),Star Craft,"This translation is culturally inappropriate. The correct Traditional Chinese translation should be ""星海爭霸"". I selected Traditional Chinese, which should translate into phrases used in Taiwan, but it gave me phrases used in China (Simplified Chinese).",,,星際爭霸,待努力
Star Wars,星際大戰,星球大戰,未改,藝文(書籍/影視),Star Wars,"This translation is culturally inappropriate. The correct Traditional Chinese translation should be ""星際大戰"". I selected Traditional Chinese, which should translate into phrases used in Taiwan, but it gave me phrases used in China (Simplified Chinese).",,,星球大戰,待努力
steak,牛排,牛扒,未改,食品/動植物,steak,"This translation is culturally inappropriate. The correct Traditional Chinese translation should be ""牛排"". I selected Traditional Chinese, which should translate into phrases used in Taiwan, but it gave me phrases used in China (Simplified Chinese).",,,牛扒,待努力
Sydney,雪梨,悉尼,未改,國名/地名,Sydney,"This translation is culturally inappropriate. The correct Traditional Chinese translation should be ""雪梨"". I selected Traditional Chinese, which should translate into phrases used in Taiwan, but it gave me phrases used in China (Simplified Chinese).",,,悉尼,待努力
taxi,計程車,出租車,未改,物品,taxi,"This translation is culturally inappropriate. The correct Traditional Chinese translation should be ""計程車"". I selected Traditional Chinese, which should translate into phrases used in Taiwan, but it gave me phrases used in China (Simplified Chinese).",,,出租車,待努力
text message,簡訊,短訊,未改,日常用語,text message,"This translation is culturally inappropriate. The correct Traditional Chinese translation should be ""簡訊"". I selected Traditional Chinese, which should translate into phrases used in Taiwan, but it gave me phrases used in China (Simplified Chinese).",,,短信,待努力
The Lord of the Rings,魔戒,指環王,未改,藝文(書籍/影視),The Lord of the Rings,"This translation is culturally inappropriate. The correct Traditional Chinese translation should be ""魔戒"". I selected Traditional Chinese, which should translate into phrases used in Taiwan, but it gave me phrases used in China (Simplified Chinese).",,,在指環王,待努力
thermos,熱水瓶,保溫杯,OK,物品,thermos,狀態OK,,,熱水瓶,有成...?
tomato,番茄,西紅柿,OK,食品/動植物,tomato,狀態OK,,,番茄,有成...?
transfer money,轉帳,划款,未改,日常用語,transfer money,"This translation is culturally inappropriate. The correct Traditional Chinese translation should be ""轉帳"". I selected Traditional Chinese, which should translate into phrases used in Taiwan, but it gave me phrases used in China (Simplified Chinese).",,,划款,待努力
transistor,電晶體,晶體管,未改,科技術語,transistor,"This translation is culturally inappropriate. The correct Traditional Chinese translation should be ""電晶體"". I selected Traditional Chinese, which should translate into phrases used in Taiwan, but it gave me phrases used in China (Simplified Chinese).",,,晶體管,待努力
Trump,川普,特朗普,未改,人名,Trump,"This translation is culturally inappropriate. The correct Traditional Chinese translation should be ""川普"". I selected Traditional Chinese, which should translate into phrases used in Taiwan, but it gave me phrases used in China (Simplified Chinese).",,,王牌,待努力
Tsai Ing-Wen President,蔡英文總統,蔡英文,未改,人名,Tsai Ing-Wen President,"This translation is culturally inappropriate. The correct Traditional Chinese translation should be ""蔡英文總統"". I selected Traditional Chinese, which should translate into phrases used in Taiwan, but it gave me phrases used in China (Simplified Chinese).",,,蔡英文主席,待努力
tuba,低音號,大號,未改,音樂(樂器/術語),tuba,"This translation is culturally inappropriate. The correct Traditional Chinese translation should be ""低音號"". I selected Traditional Chinese, which should translate into phrases used in Taiwan, but it gave me phrases used in China (Simplified Chinese).",,,大號,待努力
tuna,鮪魚,金槍魚,未改,食品/動植物,tuna,"This translation is culturally inappropriate. The correct Traditional Chinese translation should be ""鮪魚"". I selected Traditional Chinese, which should translate into phrases used in Taiwan, but it gave me phrases used in China (Simplified Chinese).",,,金槍魚,待努力
uninstall,解除安裝,卸載,未改,科技術語,uninstall,"This translation is culturally inappropriate. The correct Traditional Chinese translation should be ""解除安裝"". I selected Traditional Chinese, which should translate into phrases used in Taiwan, but it gave me phrases used in China (Simplified Chinese).",,,卸載,待努力
vacuum cleaner,吸塵器,除塵器,OK,物品,vacuum cleaner,狀態OK,,,吸塵器,有成...?
Van Gogh ,梵谷,梵高,未改,人名,Van Gogh ,"This translation is culturally inappropriate. The correct Traditional Chinese translation should be ""梵谷"". I selected Traditional Chinese, which should translate into phrases used in Taiwan, but it gave me phrases used in China (Simplified Chinese).",,,梵高,待努力
Volkswagen,福斯汽車,大眾汽車,未改,品牌,Volkswagen,"This translation is culturally inappropriate. The correct Traditional Chinese translation should be ""福斯汽車"". I selected Traditional Chinese, which should translate into phrases used in Taiwan, but it gave me phrases used in China (Simplified Chinese).",,,大眾汽車,待努力
waiter,服務生,服務員,未改,日常用語,waiter,"This translation is culturally inappropriate. The correct Traditional Chinese translation should be ""服務生"". I selected Traditional Chinese, which should translate into phrases used in Taiwan, but it gave me phrases used in China (Simplified Chinese).",,,服務員,待努力
waitress,女服務生 ,女服務員,未改,日常用語,waitress,"This translation is culturally inappropriate. The correct Traditional Chinese translation should be ""女服務生 "". I selected Traditional Chinese, which should translate into phrases used in Taiwan, but it gave me phrases used in China (Simplified Chinese).",,,小姐,待努力
webcam,網路攝影機,攝像頭,未改,科技術語,webcam,"This translation is culturally inappropriate. The correct Traditional Chinese translation should be ""網路攝影機"". I selected Traditional Chinese, which should translate into phrases used in Taiwan, but it gave me phrases used in China (Simplified Chinese).",,,攝像頭,待努力
yogurt,優酪乳 / 優格,酸奶,未改,食品/動植物,yogurt,"This translation is culturally inappropriate. The correct Traditional Chinese translation should be ""優酪乳 / 優格"". I selected Traditional Chinese, which should translate into phrases used in Taiwan, but it gave me phrases used in China (Simplified Chinese).",,,酸奶,待努力
people with disabilities,身心障礙者,殘疾人,未改,日常用語,people with disabilities,"This translation is culturally inappropriate. The correct Traditional Chinese translation should be ""身心障礙者"". I selected Traditional Chinese, which should translate into phrases used in Taiwan, but it gave me phrases used in China (Simplified Chinese).",,,殘疾人,待努力
steakhouse,牛排館,牛排屋,未改,日常用語,steakhouse,"This translation is culturally inappropriate. The correct Traditional Chinese translation should be ""牛排館"". I selected Traditional Chinese, which should translate into phrases used in Taiwan, but it gave me phrases used in China (Simplified Chinese).",,,牛排屋,待努力
zener diode,稽納二極體,齊納二極管,未改,科技術語,zener diode,"This translation is culturally inappropriate. The correct Traditional Chinese translation should be ""稽納二極體"". I selected Traditional Chinese, which should translate into phrases used in Taiwan, but it gave me phrases used in China (Simplified Chinese).",,,齊納二極管,待努力
cookie,餅乾,曲奇餅,未改,食品/動植物,cookie,"This translation is culturally inappropriate. The correct Traditional Chinese translation should be ""餅乾"". I selected Traditional Chinese, which should translate into phrases used in Taiwan, but it gave me phrases used in China (Simplified Chinese).",,,曲奇餅,待努力
Work from home,在家工作,在家里工作,未改,日常用語,Work from home,"This translation is culturally inappropriate. The correct Traditional Chinese translation should be ""在家工作"". I selected Traditional Chinese, which should translate into phrases used in Taiwan, but it gave me phrases used in China (Simplified Chinese).",,,在家里工作,待努力
sensor,感測器,傳感器,未改,科技術語,sensor,"This translation is culturally inappropriate. The correct Traditional Chinese translation should be ""感測器"". I selected Traditional Chinese, which should translate into phrases used in Taiwan, but it gave me phrases used in China (Simplified Chinese).",,,傳感器,待努力
ICU,加護病房,重症監護病房,未改,醫療,ICU,"This translation is culturally inappropriate. The correct Traditional Chinese translation should be ""加護病房"". I selected Traditional Chinese, which should translate into phrases used in Taiwan, but it gave me phrases used in China (Simplified Chinese).",,,ICU,待努力
multimeter,三用電表,萬用表,未改,科技術語,multimeter,"This translation is culturally inappropriate. The correct Traditional Chinese translation should be ""三用電表"". I selected Traditional Chinese, which should translate into phrases used in Taiwan, but it gave me phrases used in China (Simplified Chinese).",,,萬用表,待努力
marriage certificate,結婚證書,結婚證,未改,日常用語,marriage certificate,"This translation is culturally inappropriate. The correct Traditional Chinese translation should be ""結婚證書"". I selected Traditional Chinese, which should translate into phrases used in Taiwan, but it gave me phrases used in China (Simplified Chinese).",,,結婚證,待努力
LED,發光二極體,發光二極管,未改,科技術語,LED,"This translation is culturally inappropriate. The correct Traditional Chinese translation should be ""發光二極體"". I selected Traditional Chinese, which should translate into phrases used in Taiwan, but it gave me phrases used in China (Simplified Chinese).",,,發光二極管,待努力
Integrated circuit,積體電路,集成電路,未改,科技術語,Integrated circuit,"This translation is culturally inappropriate. The correct Traditional Chinese translation should be ""積體電路"". I selected Traditional Chinese, which should translate into phrases used in Taiwan, but it gave me phrases used in China (Simplified Chinese).",,,集成電路,待努力
convenience store,便利商店/超商,便利店,未改,日常用語,convenience store,"This translation is culturally inappropriate. The correct Traditional Chinese translation should be ""便利商店/超商"". I selected Traditional Chinese, which should translate into phrases used in Taiwan, but it gave me phrases used in China (Simplified Chinese).",,,便利店,待努力
interface,介面,接口,未改,科技術語,interface,"This translation is culturally inappropriate. The correct Traditional Chinese translation should be ""介面"". I selected Traditional Chinese, which should translate into phrases used in Taiwan, but it gave me phrases used in China (Simplified Chinese).",,,接口,待努力
cloud drive,雲端硬碟,雲盤,未改,科技術語,cloud drive,"This translation is culturally inappropriate. The correct Traditional Chinese translation should be ""雲端硬碟"". I selected Traditional Chinese, which should translate into phrases used in Taiwan, but it gave me phrases used in China (Simplified Chinese).",,,雲驅動器,待努力
hand warmer,暖暖包,暖手寶,未改,日常用語,hand warmer,"This translation is culturally inappropriate. The correct Traditional Chinese translation should be ""暖暖包"". I selected Traditional Chinese, which should translate into phrases used in Taiwan, but it gave me phrases used in China (Simplified Chinese).",,,暖手寶,待努力
engine,引擎,發動機,未改,科技術語,engine,"This translation is culturally inappropriate. The correct Traditional Chinese translation should be ""引擎"". I selected Traditional Chinese, which should translate into phrases used in Taiwan, but it gave me phrases used in China (Simplified Chinese).",,,發動機,待努力
create an account,建立一個帳戶,創建一個帳戶,未改,科技術語,create an account,"This translation is culturally inappropriate. The correct Traditional Chinese translation should be ""建立一個帳戶"". I selected Traditional Chinese, which should translate into phrases used in Taiwan, but it gave me phrases used in China (Simplified Chinese).",,,創建一個帳戶,待努力
high resolution,高解析度,高分辨率,未改,科技術語,high resolution,"This translation is culturally inappropriate. The correct Traditional Chinese translation should be ""高解析度"". I selected Traditional Chinese, which should translate into phrases used in Taiwan, but it gave me phrases used in China (Simplified Chinese).",,,高分辨率,待努力
create a password,建立一個密碼,創建一個密碼,未改,科技術語,create a password,"This translation is culturally inappropriate. The correct Traditional Chinese translation should be ""建立一個密碼"". I selected Traditional Chinese, which should translate into phrases used in Taiwan, but it gave me phrases used in China (Simplified Chinese).",,,創建一個密碼,待努力
components,零件,組件,未改,日常用語,components,"This translation is culturally inappropriate. The correct Traditional Chinese translation should be ""零件"". I selected Traditional Chinese, which should translate into phrases used in Taiwan, but it gave me phrases used in China (Simplified Chinese).",,,組件,待努力
COVID-19,中國武漢肺炎,新冠肺炎,未改,醫療,COVID-19,"This translation is culturally inappropriate. The correct Traditional Chinese translation should be ""中國武漢肺炎"". I selected Traditional Chinese, which should translate into phrases used in Taiwan, but it gave me phrases used in China (Simplified Chinese).",,,新冠肺炎,待努力
SARS,嚴重急性呼吸道症候群,非典,未改,醫療,SARS,"This translation is culturally inappropriate. The correct Traditional Chinese translation should be ""嚴重急性呼吸道症候群"". I selected Traditional Chinese, which should translate into phrases used in Taiwan, but it gave me phrases used in China (Simplified Chinese).",,,SARS,待努力
Private message,私訊,私信,未改,科技術語,Private message,"This translation is culturally inappropriate. The correct Traditional Chinese translation should be ""私訊"". I selected Traditional Chinese, which should translate into phrases used in Taiwan, but it gave me phrases used in China (Simplified Chinese).",,,私人信息,待努力
alley,巷弄,胡同,未改,日常用語,alley,"This translation is culturally inappropriate. The correct Traditional Chinese translation should be ""巷弄"". I selected Traditional Chinese, which should translate into phrases used in Taiwan, but it gave me phrases used in China (Simplified Chinese).",,,胡同,待努力
leave without pay,留職停薪,保值停薪,未改,日常用語,leave without pay,"This translation is culturally inappropriate. The correct Traditional Chinese translation should be ""留職停薪"". I selected Traditional Chinese, which should translate into phrases used in Taiwan, but it gave me phrases used in China (Simplified Chinese).",,,停薪留職,待努力
scalper,黃牛,票販子,OK,日常用語,scalper,狀態OK,,,黃牛,有成...?
unemployed,失業,下崗,未改,日常用語,unemployed,"This translation is culturally inappropriate. The correct Traditional Chinese translation should be ""失業"". I selected Traditional Chinese, which should translate into phrases used in Taiwan, but it gave me phrases used in China (Simplified Chinese).",,,失業的,待努力
rumor,造謠,波髒水,未改,日常用語,rumor,"This translation is culturally inappropriate. The correct Traditional Chinese translation should be ""造謠"". I selected Traditional Chinese, which should translate into phrases used in Taiwan, but it gave me phrases used in China (Simplified Chinese).",,,謠言,待努力
model,模範,模板,未改,日常用語,model,"This translation is culturally inappropriate. The correct Traditional Chinese translation should be ""模範"". I selected Traditional Chinese, which should translate into phrases used in Taiwan, but it gave me phrases used in China (Simplified Chinese).",,,模型,待努力
draft beer,生啤酒,扎啤,未改,食品/動植物,draft beer,"This translation is culturally inappropriate. The correct Traditional Chinese translation should be ""生啤酒"". I selected Traditional Chinese, which should translate into phrases used in Taiwan, but it gave me phrases used in China (Simplified Chinese).",,,扎啤酒,待努力
popsicle,冰棒,冰棍,未改,食品/動植物,popsicle,"This translation is culturally inappropriate. The correct Traditional Chinese translation should be ""冰棒"". I selected Traditional Chinese, which should translate into phrases used in Taiwan, but it gave me phrases used in China (Simplified Chinese).",,,棒冰,待努力
shampoo and conditioner,洗髮精和潤髮乳,洗髮水和護髮素,未改,日常用語,shampoo and conditioner,"This translation is culturally inappropriate. The correct Traditional Chinese translation should be ""洗髮精和潤髮乳"". I selected Traditional Chinese, which should translate into phrases used in Taiwan, but it gave me phrases used in China (Simplified Chinese).",,,洗髮水和護髮,待努力
adapter,轉接頭,適配器,未改,科技術語,adapter,"This translation is culturally inappropriate. The correct Traditional Chinese translation should be ""轉接頭"". I selected Traditional Chinese, which should translate into phrases used in Taiwan, but it gave me phrases used in China (Simplified Chinese).",,,適配器,待努力
mouse pad,滑鼠墊,鼠標墊,未改,科技術語,mouse pad,"This translation is culturally inappropriate. The correct Traditional Chinese translation should be ""滑鼠墊"". I selected Traditional Chinese, which should translate into phrases used in Taiwan, but it gave me phrases used in China (Simplified Chinese).",,,鼠標墊,待努力
mouse,滑鼠,鼠標,未改,科技術語,mouse,"This translation is culturally inappropriate. The correct Traditional Chinese translation should be ""滑鼠"". I selected Traditional Chinese, which should translate into phrases used in Taiwan, but it gave me phrases used in China (Simplified Chinese).",,,老鼠,待努力
shampoo,洗髮精,洗髮水,未改,日常用語,shampoo,"This translation is culturally inappropriate. The correct Traditional Chinese translation should be ""洗髮精"". I selected Traditional Chinese, which should translate into phrases used in Taiwan, but it gave me phrases used in China (Simplified Chinese).",,,洗頭,待努力
video,影片,視頻,未改,日常用語,video,"This translation is culturally inappropriate. The correct Traditional Chinese translation should be ""影片"". I selected Traditional Chinese, which should translate into phrases used in Taiwan, but it gave me phrases used in China (Simplified Chinese).",,,視頻,待努力
row,列,行,未改,,row,"This translation is culturally inappropriate. The correct Traditional Chinese translation should be ""列"". I selected Traditional Chinese, which should translate into phrases used in Taiwan, but it gave me phrases used in China (Simplified Chinese).",,,行,待努力
column,行,列,未改,,column,"This translation is culturally inappropriate. The correct Traditional Chinese translation should be ""行"". I selected Traditional Chinese, which should translate into phrases used in Taiwan, but it gave me phrases used in China (Simplified Chinese).",,,柱,待努力
coding,寫程式,編碼,未改,,coding,"This translation is culturally inappropriate. The correct Traditional Chinese translation should be ""寫程式"". I selected Traditional Chinese, which should translate into phrases used in Taiwan, but it gave me phrases used in China (Simplified Chinese).",,,編碼,待努力
link,連結,鍵接,未改,,link,"This translation is culturally inappropriate. The correct Traditional Chinese translation should be ""連結"". I selected Traditional Chinese, which should translate into phrases used in Taiwan, but it gave me phrases used in China (Simplified Chinese).",,,鏈接,待努力
data,資料,數據,未改,,data,"This translation is culturally inappropriate. The correct Traditional Chinese translation should be ""資料"". I selected Traditional Chinese, which should translate into phrases used in Taiwan, but it gave me phrases used in China (Simplified Chinese).",,,數據,待努力
Band aid,ok繃,創可貼,未改,,Band aid,"This translation is culturally inappropriate. The correct Traditional Chinese translation should be ""ok繃"". I selected Traditional Chinese, which should translate into phrases used in Taiwan, but it gave me phrases used in China (Simplified Chinese).",,,創可貼,待努力
Server,伺服器,服務器,未改,,Server,"This translation is culturally inappropriate. The correct Traditional Chinese translation should be ""伺服器"". I selected Traditional Chinese, which should translate into phrases used in Taiwan, but it gave me phrases used in China (Simplified Chinese).",,,服務器,待努力
cursor,游標,光標,未改,,cursor,"This translation is culturally inappropriate. The correct Traditional Chinese translation should be ""游標"". I selected Traditional Chinese, which should translate into phrases used in Taiwan, but it gave me phrases used in China (Simplified Chinese).",,,光標,待努力
president,總統,主席,未改,,president,"This translation is culturally inappropriate. The correct Traditional Chinese translation should be ""總統"". I selected Traditional Chinese, which should translate into phrases used in Taiwan, but it gave me phrases used in China (Simplified Chinese).",,,主席,待努力
dink,頂客,丁客,未改,,dink,"This translation is culturally inappropriate. The correct Traditional Chinese translation should be ""頂客"". I selected Traditional Chinese, which should translate into phrases used in Taiwan, but it gave me phrases used in China (Simplified Chinese).",,,丁克,待努力
Could you call a taxi for us?,你能幫我們叫計程車嗎,你能幫我們打車嗎？,未改,日常用語,Could you call a taxi for us?,"This translation is culturally inappropriate. The correct Traditional Chinese translation should be ""你能幫我們叫計程車嗎"". I selected Traditional Chinese, which should translate into phrases used in Taiwan, but it gave me phrases used in China (Simplified Chinese).",,,你可以叫出租車給我們？,待努力
Maker,製造者,創客,未改,,Maker,"This translation is culturally inappropriate. The correct Traditional Chinese translation should be ""製造者"". I selected Traditional Chinese, which should translate into phrases used in Taiwan, but it gave me phrases used in China (Simplified Chinese).",,,製作者,待努力
object oriented,物件導向,面向對象,未改,,object oriented,"This translation is culturally inappropriate. The correct Traditional Chinese translation should be ""物件導向"". I selected Traditional Chinese, which should translate into phrases used in Taiwan, but it gave me phrases used in China (Simplified Chinese).",,,面向對象,待努力
OS,作業系統,操作系統,未改,,OS,"This translation is culturally inappropriate. The correct Traditional Chinese translation should be ""作業系統"". I selected Traditional Chinese, which should translate into phrases used in Taiwan, but it gave me phrases used in China (Simplified Chinese).",,,OS,待努力
channel,管道,渠道,未改,,channel,"This translation is culturally inappropriate. The correct Traditional Chinese translation should be ""管道"". I selected Traditional Chinese, which should translate into phrases used in Taiwan, but it gave me phrases used in China (Simplified Chinese).",,,渠道,待努力
Marketing Channel,行銷通路,營銷渠道,未改,,Marketing Channel,"This translation is culturally inappropriate. The correct Traditional Chinese translation should be ""行銷通路"". I selected Traditional Chinese, which should translate into phrases used in Taiwan, but it gave me phrases used in China (Simplified Chinese).",,,營銷渠道,待努力
top-up,儲值,充值,未改,,top-up,"This translation is culturally inappropriate. The correct Traditional Chinese translation should be ""儲值"". I selected Traditional Chinese, which should translate into phrases used in Taiwan, but it gave me phrases used in China (Simplified Chinese).",,,補足,待努力
digital,數位,數字,未改,,digital,"This translation is culturally inappropriate. The correct Traditional Chinese translation should be ""數位"". I selected Traditional Chinese, which should translate into phrases used in Taiwan, but it gave me phrases used in China (Simplified Chinese).",,,數字,待努力
President Trump,川普總統,特朗普總統,未改,,President Trump,"This translation is culturally inappropriate. The correct Traditional Chinese translation should be ""川普總統"". I selected Traditional Chinese, which should translate into phrases used in Taiwan, but it gave me phrases used in China (Simplified Chinese).",,,特朗普總統,待努力
activate,啟動、活化、啟用,激活,OK,科技術語,activate,狀態OK,,,啟用,待努力
owner,擁有者、所有權人,所有者,未改,,owner,"This translation is culturally inappropriate. The correct Traditional Chinese translation should be ""擁有者、所有權人"". I selected Traditional Chinese, which should translate into phrases used in Taiwan, but it gave me phrases used in China (Simplified Chinese).",,,所有者,待努力
euphonium,上低音號,中音號,未改,,euphonium,"This translation is culturally inappropriate. The correct Traditional Chinese translation should be ""上低音號"". I selected Traditional Chinese, which should translate into phrases used in Taiwan, but it gave me phrases used in China (Simplified Chinese).",,,次中音號,待努力
contrabassoon,倍低音管,低音大管,未改,,contrabassoon,"This translation is culturally inappropriate. The correct Traditional Chinese translation should be ""倍低音管"". I selected Traditional Chinese, which should translate into phrases used in Taiwan, but it gave me phrases used in China (Simplified Chinese).",,,低音管,待努力
Sibelius,西貝流士,西貝柳斯,未改,,Sibelius,"This translation is culturally inappropriate. The correct Traditional Chinese translation should be ""西貝流士"". I selected Traditional Chinese, which should translate into phrases used in Taiwan, but it gave me phrases used in China (Simplified Chinese).",,,西貝柳斯,待努力
tearful,淚流滿面,內牛滿面,未改,,tearful,"This translation is culturally inappropriate. The correct Traditional Chinese translation should be ""淚流滿面"". I selected Traditional Chinese, which should translate into phrases used in Taiwan, but it gave me phrases used in China (Simplified Chinese).",,,內牛滿面,待努力
Strauss,史特勞斯,施特劳斯,未改,,Strauss,"This translation is culturally inappropriate. The correct Traditional Chinese translation should be ""史特勞斯"". I selected Traditional Chinese, which should translate into phrases used in Taiwan, but it gave me phrases used in China (Simplified Chinese).",,,斯特勞斯,待努力
Hindemith,亨德密特,欣德米特,未改,,Hindemith,"This translation is culturally inappropriate. The correct Traditional Chinese translation should be ""亨德密特"". I selected Traditional Chinese, which should translate into phrases used in Taiwan, but it gave me phrases used in China (Simplified Chinese).",,,欣德米特,待努力
Viola Concerto ‘Der Schwanendreher’,中提琴協奏曲「烤天鵝的人」,中提琴協奏曲「天鵝轉子」,未改,藝文(書籍/影視),Viola Concerto ‘Der Schwanendreher’,"This translation is culturally inappropriate. The correct Traditional Chinese translation should be ""中提琴協奏曲「烤天鵝的人」"". I selected Traditional Chinese, which should translate into phrases used in Taiwan, but it gave me phrases used in China (Simplified Chinese).",,,中提琴協奏曲“天鵝德雷爾”,待努力
drip,打點滴,輸液、吊水,未改,醫療,drip,"This translation is culturally inappropriate. The correct Traditional Chinese translation should be ""打點滴"". I selected Traditional Chinese, which should translate into phrases used in Taiwan, but it gave me phrases used in China (Simplified Chinese).",,,滴,待努力
mini,迷你,微型,未改,日常用語,mini,"This translation is culturally inappropriate. The correct Traditional Chinese translation should be ""迷你"". I selected Traditional Chinese, which should translate into phrases used in Taiwan, but it gave me phrases used in China (Simplified Chinese).",,,微型,待努力
ricecooker,電鍋,電飯鍋,未改,日常用語,ricecooker,"This translation is culturally inappropriate. The correct Traditional Chinese translation should be ""電鍋"". I selected Traditional Chinese, which should translate into phrases used in Taiwan, but it gave me phrases used in China (Simplified Chinese).",,,電飯鍋,待努力
Joystick,搖桿,遊戲桿,未改,,Joystick,"This translation is culturally inappropriate. The correct Traditional Chinese translation should be ""搖桿"". I selected Traditional Chinese, which should translate into phrases used in Taiwan, but it gave me phrases used in China (Simplified Chinese).",,,遊戲桿,待努力
data bus,匯流排,數據總線,未改,科技術語,data bus,"This translation is culturally inappropriate. The correct Traditional Chinese translation should be ""匯流排"". I selected Traditional Chinese, which should translate into phrases used in Taiwan, but it gave me phrases used in China (Simplified Chinese).",,,數據總線,待努力
ship date,出貨日期,發貨日期,未改,,ship date,"This translation is culturally inappropriate. The correct Traditional Chinese translation should be ""出貨日期"". I selected Traditional Chinese, which should translate into phrases used in Taiwan, but it gave me phrases used in China (Simplified Chinese).",,,發貨日期,待努力
algorithm,演算法,算法,未改,,algorithm,"This translation is culturally inappropriate. The correct Traditional Chinese translation should be ""演算法"". I selected Traditional Chinese, which should translate into phrases used in Taiwan, but it gave me phrases used in China (Simplified Chinese).",,,算法,待努力
Bali,峇里島,里島,未改,,Bali,"This translation is culturally inappropriate. The correct Traditional Chinese translation should be ""峇里島"". I selected Traditional Chinese, which should translate into phrases used in Taiwan, but it gave me phrases used in China (Simplified Chinese).",,,巴厘島,待努力
north korea,北韓,北朝鮮,未改,國名/地名,north korea,"This translation is culturally inappropriate. The correct Traditional Chinese translation should be ""北韓"". I selected Traditional Chinese, which should translate into phrases used in Taiwan, but it gave me phrases used in China (Simplified Chinese).",,,北朝鮮,待努力
Submit,送出,提交,未改,,Submit,"This translation is culturally inappropriate. The correct Traditional Chinese translation should be ""送出"". I selected Traditional Chinese, which should translate into phrases used in Taiwan, but it gave me phrases used in China (Simplified Chinese).",,,提交,待努力
Matte varnish,消光金油,哑光清漆,未改,,Matte varnish,"This translation is culturally inappropriate. The correct Traditional Chinese translation should be ""消光金油"". I selected Traditional Chinese, which should translate into phrases used in Taiwan, but it gave me phrases used in China (Simplified Chinese).",,,啞光清漆,待努力
Blood donation,捐血,獻血,未改,醫療,Blood donation,"This translation is culturally inappropriate. The correct Traditional Chinese translation should be ""捐血"". I selected Traditional Chinese, which should translate into phrases used in Taiwan, but it gave me phrases used in China (Simplified Chinese).",,,獻血,待努力
Workout,健身,鍛鍊,未改,運動,Workout,"This translation is culturally inappropriate. The correct Traditional Chinese translation should be ""健身"". I selected Traditional Chinese, which should translate into phrases used in Taiwan, but it gave me phrases used in China (Simplified Chinese).",,,鍛煉,待努力
Koran,可蘭經,古蘭經,未改,藝文(書籍/影視),Koran,,,,,
Johnson,強森,約翰遜,未改,人名,Johnson,,,,,